B_field,Gamma_t,u,alpha,temperature,log_n
0, 0.01125,0.333,0.766159502,0.077384858,10.95074711
