B_field,Gamma_t,u,alpha,temperature,log_n
0,0.0075,0.416,0.796469859,0.098354409,6.289333584
